[
  {
    "value": "pizza",
    "synonyms": [
      "cheese pizza",
      "pepperoni pizza",
      "slice of pizza",
      "Italian pizza",
      "pizza",
      "pizzas"
    ]
  },
  {
    "value": "Samosa",
    "synonyms": [
      "Samosa",
      "fried snack",
      "Aloo Samosa",
      "crispy samosa",
      "vegetable samosa"
    ]
  },
  {
    "value": "Gol Gappay",
    "synonyms": [
      "Gol Gappay",
      "pani puri",
      "phuchka",
      "water balls",
      "spicy gol gappay"
    ]
  },
  {
    "value": "Shawarma",
    "synonyms": [
      "Shawarma",
      "chicken shawarma",
      "beef shawarma",
      "wrap",
      "doner kebab"
    ]
  },
  {
    "value": "Doodh Patti Chai",
    "synonyms": [
      "Doodh Patti Chai",
      "milk tea",
      "Pakistani chai"
    ]
  },
  {
    "value": "Karak Chai",
    "synonyms": [
      "Karak Chai",
      "kadak chai",
      "strong tea",
      "desi chai",
      "tea with spices"
    ]
  },
  {
    "value": "Kashmiri Chai",
    "synonyms": [
      "Kashmiri Chai",
      "ginger tea",
      "spiced chai",
      "herbal tea"
    ]
  },
  {
    "value": "Peshawari Kahwa",
    "synonyms": [
      "Peshawari Kahwa",
      "green kahwa",
      "saffron tea",
      "Peshawar tea",
      "spiced kahwa"
    ]
  },
  {
    "value": "Green Tea",
    "synonyms": [
      "Green Tea",
      "herbal green tea",
      "healthy tea",
      "detox tea"
    ]
  },
  {
    "value": "Mango Shake",
    "synonyms": [
      "Mango Shake",
      "mango smoothie",
      "fresh mango shake",
      "chilled mango shake"
    ]
  },
  {
    "value": "Banana Shake",
    "synonyms": [
      "Banana Shake",
      "banana smoothie",
      "fresh banana shake",
      "banana milkshake"
    ]
  },
  {
    "value": "Lemonade",
    "synonyms": [
      "Lemonade",
      "lemon juice",
      "fresh lemonade",
      "citrus drink"
    ]
  },
  {
    "value": "Sugarcane Juice",
    "synonyms": [
      "Sugarcane Juice",
      "ganna juice",
      "fresh sugarcane",
      "healthy sugarcane drink"
    ]
  },
  {
    "value": "Strawberry Smoothie",
    "synonyms": [
      "Strawberry Smoothie",
      "strawberry shake",
      "berry smoothie",
      "fruit smoothie"
    ]
  }
]