[
  {
    "id": "2e95a0e9-1c94-4aad-b264-49fc9835f12b",
    "data": [
      {
        "text": "Reserve a table under ",
        "userDefined": false
      },
      {
        "text": "Ali",
        "meta": "@sys.given-name",
        "alias": "given-name",
        "userDefined": false
      },
      {
        "text": " for ",
        "userDefined": false
      },
      {
        "text": "5",
        "meta": "@sys.number",
        "alias": "number",
        "userDefined": false
      },
      {
        "text": " people",
        "userDefined": false
      }
    ],
    "isTemplate": false,
    "count": 0,
    "lang": "en",
    "updated": 0
  },
  {
    "id": "9f510d6f-ac76-4919-a00b-1eca027640f2",
    "data": [
      {
        "text": "Reservation",
        "userDefined": false
      }
    ],
    "isTemplate": false,
    "count": 0,
    "lang": "en",
    "updated": 0
  },
  {
    "id": "f60b7a8e-765c-414a-91c5-9c5e1de26269",
    "data": [
      {
        "text": "Could you make a reservation for me at ",
        "userDefined": false
      },
      {
        "text": "8 PM",
        "meta": "@sys.time",
        "alias": "time",
        "userDefined": true
      },
      {
        "text": "  ?",
        "userDefined": false
      }
    ],
    "isTemplate": false,
    "count": 0,
    "lang": "en",
    "updated": 0
  },
  {
    "id": "cdfbcaca-2abd-46f2-94e7-9d50c3c9b202",
    "data": [
      {
        "text": "I want to book a table for ",
        "userDefined": false
      },
      {
        "text": "abdullah",
        "meta": "@sys.given-name",
        "alias": "given-name",
        "userDefined": true
      }
    ],
    "isTemplate": false,
    "count": 0,
    "lang": "en",
    "updated": 0
  },
  {
    "id": "db7e8aa1-61c6-4e4e-b713-b41e46732a3c",
    "data": [
      {
        "text": "Can I make a reservation for a special occasion?",
        "userDefined": false
      }
    ],
    "isTemplate": false,
    "count": 0,
    "lang": "en",
    "updated": 0
  },
  {
    "id": "4458536c-d79f-4dae-8fdc-a5c2e69b287b",
    "data": [
      {
        "text": "Can I book a table for ",
        "userDefined": false
      },
      {
        "text": "next week",
        "meta": "@sys.date",
        "alias": "date",
        "userDefined": false
      },
      {
        "text": "?",
        "userDefined": false
      }
    ],
    "isTemplate": false,
    "count": 0,
    "lang": "en",
    "updated": 0
  },
  {
    "id": "4f7ec003-5385-4c10-a6f8-56f1796c8786",
    "data": [
      {
        "text": "I want to make a reservation for ",
        "userDefined": false
      },
      {
        "text": "three",
        "meta": "@sys.number",
        "alias": "number",
        "userDefined": false
      },
      {
        "text": " people.",
        "userDefined": false
      }
    ],
    "isTemplate": false,
    "count": 0,
    "lang": "en",
    "updated": 0
  },
  {
    "id": "a67cfb8a-2d2e-43c9-b6ed-fd807048ee00",
    "data": [
      {
        "text": "Please reserve a table for me for lunch tomorrow",
        "userDefined": false
      }
    ],
    "isTemplate": false,
    "count": 0,
    "lang": "en",
    "updated": 0
  },
  {
    "id": "0422de66-fad9-4cad-8418-75c41850bb6d",
    "data": [
      {
        "text": "I want to book a dinner table for tonight.",
        "userDefined": false
      }
    ],
    "isTemplate": false,
    "count": 0,
    "lang": "en",
    "updated": 0
  },
  {
    "id": "9a51b186-e572-474e-a850-fdc20dd4fa5f",
    "data": [
      {
        "text": "Can you reserve a table for me at the restaurant?",
        "userDefined": false
      }
    ],
    "isTemplate": false,
    "count": 0,
    "lang": "en",
    "updated": 0
  },
  {
    "id": "adb0fc88-b36e-4fcb-9fea-5ae4c2a977c8",
    "data": [
      {
        "text": "I\u0027d like to reserve a table at ",
        "userDefined": false
      },
      {
        "text": "7",
        "meta": "@sys.number",
        "alias": "number",
        "userDefined": false
      },
      {
        "text": " PM.",
        "userDefined": false
      }
    ],
    "isTemplate": false,
    "count": 0,
    "lang": "en",
    "updated": 0
  },
  {
    "id": "3579cd3a-aaae-416f-839a-660e5ec2065c",
    "data": [
      {
        "text": "Can I book a reservation for tomorrow?",
        "userDefined": false
      }
    ],
    "isTemplate": false,
    "count": 0,
    "lang": "en",
    "updated": 0
  },
  {
    "id": "ce3b2e9e-b5a4-41dd-b8cc-682e2e8efbe3",
    "data": [
      {
        "text": "Please reserve a table for ",
        "userDefined": false
      },
      {
        "text": "four",
        "meta": "@sys.number",
        "alias": "number",
        "userDefined": false
      },
      {
        "text": ".",
        "userDefined": false
      }
    ],
    "isTemplate": false,
    "count": 0,
    "lang": "en",
    "updated": 0
  },
  {
    "id": "7339f981-20b6-4ee6-aa75-1660d96c3c5c",
    "data": [
      {
        "text": "I need to make a booking.",
        "userDefined": false
      }
    ],
    "isTemplate": false,
    "count": 0,
    "lang": "en",
    "updated": 0
  },
  {
    "id": "e078bd88-46e6-4485-b18f-2cb9a434651b",
    "data": [
      {
        "text": "I would like to reserve a spot for dinner.",
        "userDefined": false
      }
    ],
    "isTemplate": false,
    "count": 0,
    "lang": "en",
    "updated": 0
  },
  {
    "id": "ec07d512-5db7-49f2-8096-2ca10d883da0",
    "data": [
      {
        "text": "Can you help me with a reservation?",
        "userDefined": false
      }
    ],
    "isTemplate": false,
    "count": 0,
    "lang": "en",
    "updated": 0
  },
  {
    "id": "974e9da2-7d0f-4149-b924-f2e53c4b9269",
    "data": [
      {
        "text": "Book a table for ",
        "userDefined": false
      },
      {
        "text": "two",
        "meta": "@sys.number",
        "alias": "number",
        "userDefined": false
      }
    ],
    "isTemplate": false,
    "count": 0,
    "lang": "en",
    "updated": 0
  },
  {
    "id": "5164468d-4b6a-4b4c-bf3e-9cdf8add928c",
    "data": [
      {
        "text": "I need to make a reservation.",
        "userDefined": false
      }
    ],
    "isTemplate": false,
    "count": 0,
    "lang": "en",
    "updated": 0
  },
  {
    "id": "0516489a-4c2d-4f83-aafc-f4376fad8474",
    "data": [
      {
        "text": "Can you reserve a table for me?",
        "userDefined": false
      }
    ],
    "isTemplate": false,
    "count": 0,
    "lang": "en",
    "updated": 0
  },
  {
    "id": "993a5c5e-0108-45b8-9950-3466d486c4e3",
    "data": [
      {
        "text": "I want to book a table.",
        "userDefined": false
      }
    ],
    "isTemplate": false,
    "count": 0,
    "lang": "en",
    "updated": 0
  },
  {
    "id": "830d2ec8-8283-449f-8de8-442af606136b",
    "data": [
      {
        "text": "I want to make reservation for table",
        "userDefined": false
      }
    ],
    "isTemplate": false,
    "count": 0,
    "lang": "en",
    "updated": 0
  },
  {
    "id": "7b43c352-9f0a-4d8d-8b21-33cc6ee117ce",
    "data": [
      {
        "text": "Reserve a table for tomorrow at ",
        "userDefined": false
      },
      {
        "text": "7",
        "meta": "@sys.number",
        "alias": "number",
        "userDefined": false
      },
      {
        "text": " PM.",
        "userDefined": false
      }
    ],
    "isTemplate": false,
    "count": 0,
    "lang": "en",
    "updated": 0
  },
  {
    "id": "a3879890-6de6-4549-82f5-14e4aca72862",
    "data": [
      {
        "text": "I want to book a table for ",
        "userDefined": false
      },
      {
        "text": "4",
        "meta": "@sys.number",
        "alias": "number",
        "userDefined": false
      },
      {
        "text": " people tonight.",
        "userDefined": false
      }
    ],
    "isTemplate": false,
    "count": 0,
    "lang": "en",
    "updated": 0
  }
]