[
  {
    "id": "faf1bcd7-cd7f-4186-beff-767e81e80b2f",
    "data": [
      {
        "text": "I want to cancel my lunch reservation.",
        "userDefined": false
      }
    ],
    "isTemplate": false,
    "count": 0,
    "lang": "en",
    "updated": 0
  },
  {
    "id": "b1df6d3d-3d30-4a6b-b3e3-f146e60832e1",
    "data": [
      {
        "text": "Can I cancel my reservation?",
        "userDefined": false
      }
    ],
    "isTemplate": false,
    "count": 0,
    "lang": "en",
    "updated": 0
  },
  {
    "id": "777fef07-7008-43aa-9b79-fb8ce27bb952",
    "data": [
      {
        "text": "Please cancel the booking for ",
        "userDefined": false
      },
      {
        "text": "two",
        "meta": "@sys.number",
        "alias": "number",
        "userDefined": false
      },
      {
        "text": " people.",
        "userDefined": false
      }
    ],
    "isTemplate": false,
    "count": 0,
    "lang": "en",
    "updated": 0
  },
  {
    "id": "ea7b1824-c083-421c-bfad-d05ec67df928",
    "data": [
      {
        "text": "I need to cancel our reservation at ",
        "userDefined": false
      },
      {
        "text": "8",
        "meta": "@sys.number",
        "alias": "number",
        "userDefined": false
      },
      {
        "text": " PM.",
        "userDefined": false
      }
    ],
    "isTemplate": false,
    "count": 0,
    "lang": "en",
    "updated": 0
  },
  {
    "id": "a5b680ae-1a0c-4087-96ed-1527a358e177",
    "data": [
      {
        "text": "I won\u0027t be able to make it, please cancel my booking.",
        "userDefined": false
      }
    ],
    "isTemplate": false,
    "count": 0,
    "lang": "en",
    "updated": 0
  },
  {
    "id": "b935ee4b-07d2-41e1-9df4-1b43544555bf",
    "data": [
      {
        "text": "Cancel the reservation under my name.",
        "userDefined": false
      }
    ],
    "isTemplate": false,
    "count": 0,
    "lang": "en",
    "updated": 0
  },
  {
    "id": "8c2d9658-10bf-434c-909f-0f239fadf260",
    "data": [
      {
        "text": "Can you remove my reservation?",
        "userDefined": false
      }
    ],
    "isTemplate": false,
    "count": 0,
    "lang": "en",
    "updated": 0
  },
  {
    "id": "f256d5b5-1e42-4dbf-a74b-28a6b263b4f0",
    "data": [
      {
        "text": "I have to cancel my table",
        "userDefined": false
      }
    ],
    "isTemplate": false,
    "count": 0,
    "lang": "en",
    "updated": 0
  },
  {
    "id": "4ea9179d-a0e0-48c2-b3c6-e2bd53e3f226",
    "data": [
      {
        "text": "I\u0027d like to cancel my dinner reservation",
        "userDefined": false
      }
    ],
    "isTemplate": false,
    "count": 0,
    "lang": "en",
    "updated": 0
  },
  {
    "id": "1a414e68-a9f2-423e-842d-741ff074883f",
    "data": [
      {
        "text": "Please cancel my booking.",
        "userDefined": false
      }
    ],
    "isTemplate": false,
    "count": 0,
    "lang": "en",
    "updated": 0
  },
  {
    "id": "72257e59-56ca-404a-8a85-f46d0deb05ca",
    "data": [
      {
        "text": "I would like to cancel my order",
        "userDefined": false
      }
    ],
    "isTemplate": false,
    "count": 0,
    "lang": "en",
    "updated": 0
  },
  {
    "id": "441b7db6-7e09-4704-88cf-c00714ac8fc8",
    "data": [
      {
        "text": "Can you cancel my reservation for ",
        "userDefined": false
      },
      {
        "text": "tonight",
        "meta": "@sys.date-time",
        "alias": "date-time",
        "userDefined": false
      },
      {
        "text": "?",
        "userDefined": false
      }
    ],
    "isTemplate": false,
    "count": 0,
    "lang": "en",
    "updated": 0
  },
  {
    "id": "eb7509b3-2356-45e6-8e66-7c5efac6b5ab",
    "data": [
      {
        "text": "I need to cancel the reservation I made.",
        "userDefined": false
      }
    ],
    "isTemplate": false,
    "count": 0,
    "lang": "en",
    "updated": 0
  },
  {
    "id": "2f7f2e04-0ac9-4285-b1cd-3ba6553d0557",
    "data": [
      {
        "text": "Cancel my table booking",
        "userDefined": false
      }
    ],
    "isTemplate": false,
    "count": 0,
    "lang": "en",
    "updated": 0
  },
  {
    "id": "08b19473-cbf8-4684-836e-249ecfee42c1",
    "data": [
      {
        "text": "I want to cancel my reservation.",
        "userDefined": false
      }
    ],
    "isTemplate": false,
    "count": 0,
    "lang": "en",
    "updated": 0
  },
  {
    "id": "66db5df2-de6c-4112-a2a3-59ab895c64e7",
    "data": [
      {
        "text": "I want to cancel my table booking.",
        "userDefined": false
      }
    ],
    "isTemplate": false,
    "count": 0,
    "lang": "en",
    "updated": 0
  },
  {
    "id": "4cf27b1f-1a92-4251-8322-24fa1436ff86",
    "data": [
      {
        "text": "Cancel my reservation #",
        "userDefined": false
      },
      {
        "text": "123",
        "meta": "@sys.number",
        "alias": "number",
        "userDefined": false
      },
      {
        "text": ".",
        "userDefined": false
      }
    ],
    "isTemplate": false,
    "count": 0,
    "lang": "en",
    "updated": 0
  }
]