[
  {
    "id": "27cb6182-5798-40b2-b983-b292e62f7d31",
    "data": [
      {
        "text": "Can I see my reservation info?",
        "userDefined": false
      }
    ],
    "isTemplate": false,
    "count": 0,
    "lang": "en",
    "updated": 0
  },
  {
    "id": "6f010c56-76ed-4dd9-9233-ac9be2b5161c",
    "data": [
      {
        "text": "Has my reservation been confirmed?",
        "userDefined": false
      }
    ],
    "isTemplate": false,
    "count": 0,
    "lang": "en",
    "updated": 0
  },
  {
    "id": "c19a0c12-6e65-42fa-8303-856243424ae2",
    "data": [
      {
        "text": "I want to view my reservation.",
        "userDefined": false
      }
    ],
    "isTemplate": false,
    "count": 0,
    "lang": "en",
    "updated": 0
  },
  {
    "id": "d847bd2d-84f3-4496-885b-c0a0e0337a3b",
    "data": [
      {
        "text": "Check if I have a table booked.",
        "userDefined": false
      }
    ],
    "isTemplate": false,
    "count": 0,
    "lang": "en",
    "updated": 0
  },
  {
    "id": "a91da5ca-604b-4901-a1d0-92f625dd58cc",
    "data": [
      {
        "text": "Is my reservation still active?",
        "userDefined": false
      }
    ],
    "isTemplate": false,
    "count": 0,
    "lang": "en",
    "updated": 0
  },
  {
    "id": "9ea874a7-2f57-4bc0-b4f9-657063500d3a",
    "data": [
      {
        "text": "I made a reservation, can you verify it?",
        "userDefined": false
      }
    ],
    "isTemplate": false,
    "count": 0,
    "lang": "en",
    "updated": 0
  },
  {
    "id": "7835c7ed-2163-40d7-919d-f80a0a8f62c3",
    "data": [
      {
        "text": "Please check my reservation status.",
        "userDefined": false
      }
    ],
    "isTemplate": false,
    "count": 0,
    "lang": "en",
    "updated": 0
  },
  {
    "id": "ab72b6dc-7358-4e7d-80ee-10823543878c",
    "data": [
      {
        "text": "Can you tell me if I have a booking?",
        "userDefined": false
      }
    ],
    "isTemplate": false,
    "count": 0,
    "lang": "en",
    "updated": 0
  },
  {
    "id": "80521326-6bea-42c0-98cc-ff6f4ee1f7fc",
    "data": [
      {
        "text": "I want to see if my reservation is confirmed.",
        "userDefined": false
      }
    ],
    "isTemplate": false,
    "count": 0,
    "lang": "en",
    "updated": 0
  },
  {
    "id": "8be039c8-9c06-42f8-beb2-df82119ec077",
    "data": [
      {
        "text": "Check my reservation details.",
        "userDefined": false
      }
    ],
    "isTemplate": false,
    "count": 0,
    "lang": "en",
    "updated": 0
  },
  {
    "id": "ffb2f719-48ef-4614-88d8-334d83d67885",
    "data": [
      {
        "text": "Is my table reserved?",
        "userDefined": false
      }
    ],
    "isTemplate": false,
    "count": 0,
    "lang": "en",
    "updated": 0
  },
  {
    "id": "1831f5a1-a795-4838-b4d3-c21f3f54bb0e",
    "data": [
      {
        "text": "Can you confirm my booking?",
        "userDefined": false
      }
    ],
    "isTemplate": false,
    "count": 0,
    "lang": "en",
    "updated": 0
  },
  {
    "id": "a807c643-6dd2-4768-983b-7bd774e6dac3",
    "data": [
      {
        "text": "Do I have a reservation?",
        "userDefined": false
      }
    ],
    "isTemplate": false,
    "count": 0,
    "lang": "en",
    "updated": 0
  },
  {
    "id": "5af64adb-e200-4bf6-86b8-e2ed76f6183d",
    "data": [
      {
        "text": "I want to check my reservation.",
        "userDefined": false
      }
    ],
    "isTemplate": false,
    "count": 0,
    "lang": "en",
    "updated": 0
  },
  {
    "id": "ef3ef7b1-59f2-49aa-9f85-230a15392630",
    "data": [
      {
        "text": "Check my reservation for ",
        "userDefined": false
      },
      {
        "text": "tonight",
        "userDefined": false
      },
      {
        "text": ".",
        "userDefined": false
      }
    ],
    "isTemplate": false,
    "count": 0,
    "lang": "en",
    "updated": 0
  },
  {
    "id": "40af0698-464a-4f80-bfc3-d64e122efbac",
    "data": [
      {
        "text": "Did I reserve a table?",
        "userDefined": false
      }
    ],
    "isTemplate": false,
    "count": 0,
    "lang": "en",
    "updated": 0
  }
]