[
  {
    "id": "99e0c92a-5686-44f0-9466-4943e6e7c58d",
    "data": [
      {
        "text": "Is online booking available?",
        "userDefined": false
      }
    ],
    "isTemplate": false,
    "count": 0,
    "lang": "en",
    "updated": 0
  },
  {
    "id": "349b050d-362b-4574-89ec-34276bb25c60",
    "data": [
      {
        "text": "Do I need to call to reserve?",
        "userDefined": false
      }
    ],
    "isTemplate": false,
    "count": 0,
    "lang": "en",
    "updated": 0
  },
  {
    "id": "49fd0f25-9678-4297-afb7-753f3c8be49c",
    "data": [
      {
        "text": "I want to make a reservation.",
        "userDefined": false
      }
    ],
    "isTemplate": false,
    "count": 0,
    "lang": "en",
    "updated": 0
  },
  {
    "id": "c16c7cbe-d204-424d-b936-b3a1768923e6",
    "data": [
      {
        "text": "Can I book a table?",
        "userDefined": false
      }
    ],
    "isTemplate": false,
    "count": 0,
    "lang": "en",
    "updated": 0
  },
  {
    "id": "0c704323-963e-4ecf-a5b8-f158b56fcf14",
    "data": [
      {
        "text": "How can I make a reservation?",
        "userDefined": false
      }
    ],
    "isTemplate": false,
    "count": 0,
    "lang": "en",
    "updated": 0
  }
]