[
  {
    "id": "5fb1aa5f-5f62-47b2-93d1-b16a9a590a6b",
    "data": [
      {
        "text": "Do you deliver to my area?",
        "userDefined": false
      }
    ],
    "isTemplate": false,
    "count": 0,
    "lang": "en",
    "updated": 0
  },
  {
    "id": "7dd61925-f803-482e-9482-2ed2bdfc0676",
    "data": [
      {
        "text": "Is there a delivery option?",
        "userDefined": false
      }
    ],
    "isTemplate": false,
    "count": 0,
    "lang": "en",
    "updated": 0
  },
  {
    "id": "e65e8f9b-a60f-4e66-a4db-766eeb7fad62",
    "data": [
      {
        "text": "Can I get my order delivered?",
        "userDefined": false
      }
    ],
    "isTemplate": false,
    "count": 0,
    "lang": "en",
    "updated": 0
  },
  {
    "id": "17945ea1-dbe2-4799-8fb9-d77203023bd8",
    "data": [
      {
        "text": "Do you offer delivery?",
        "userDefined": false
      }
    ],
    "isTemplate": false,
    "count": 0,
    "lang": "en",
    "updated": 0
  }
]