[
  {
    "id": "e7c1c3dc-60b9-4f27-85ca-7736cd4e0a09",
    "data": [
      {
        "text": "Are you open right now?",
        "userDefined": false
      }
    ],
    "isTemplate": false,
    "count": 0,
    "lang": "en",
    "updated": 0
  },
  {
    "id": "a21b6325-0fd8-4659-be13-cbc36455edbf",
    "data": [
      {
        "text": "Can you tell me your business hours?",
        "userDefined": false
      }
    ],
    "isTemplate": false,
    "count": 0,
    "lang": "en",
    "updated": 0
  },
  {
    "id": "5a85cb0f-c855-45c5-8c61-9cad91c3167a",
    "data": [
      {
        "text": "What time do you open and close?",
        "userDefined": false
      }
    ],
    "isTemplate": false,
    "count": 0,
    "lang": "en",
    "updated": 0
  },
  {
    "id": "8209009b-3073-40fc-85bb-0a2c9113086c",
    "data": [
      {
        "text": "When are you open?",
        "userDefined": false
      }
    ],
    "isTemplate": false,
    "count": 0,
    "lang": "en",
    "updated": 0
  },
  {
    "id": "861a2c46-ac29-4d81-a006-f0b2493c6cbf",
    "data": [
      {
        "text": "What are your opening hours?",
        "userDefined": false
      }
    ],
    "isTemplate": false,
    "count": 0,
    "lang": "en",
    "updated": 0
  }
]