[
  {
    "id": "56e60a40-7718-459f-a7e3-7f9f91624f4c",
    "data": [
      {
        "text": "Show me the menu.",
        "userDefined": false
      }
    ],
    "isTemplate": false,
    "count": 0,
    "lang": "en",
    "updated": 0
  },
  {
    "id": "422b8e64-1d5e-4822-8ec2-58b0b28f1098",
    "data": [
      {
        "text": "What food and drinks do you serve?",
        "userDefined": false
      }
    ],
    "isTemplate": false,
    "count": 0,
    "lang": "en",
    "updated": 0
  },
  {
    "id": "63750cc3-5fea-4d34-a51c-2d9859d20301",
    "data": [
      {
        "text": "What items do you have?",
        "userDefined": false
      }
    ],
    "isTemplate": false,
    "count": 0,
    "lang": "en",
    "updated": 0
  },
  {
    "id": "9a8ab161-a378-4c0f-a025-bb006f9a3f08",
    "data": [
      {
        "text": "Tell me about your menu.",
        "userDefined": false
      }
    ],
    "isTemplate": false,
    "count": 0,
    "lang": "en",
    "updated": 0
  },
  {
    "id": "7bac3686-47a2-4a18-a03b-eb33ac19a8b1",
    "data": [
      {
        "text": "Do you have vegetarian options?",
        "userDefined": false
      }
    ],
    "isTemplate": false,
    "count": 0,
    "lang": "en",
    "updated": 0
  },
  {
    "id": "c8e1ff84-2044-4b22-87e8-d1856222f939",
    "data": [
      {
        "text": "What food do you offer?",
        "userDefined": false
      }
    ],
    "isTemplate": false,
    "count": 0,
    "lang": "en",
    "updated": 0
  },
  {
    "id": "a9157959-2f21-4710-93a4-be16a7e9f193",
    "data": [
      {
        "text": "Do you serve any special dishes?",
        "userDefined": false
      }
    ],
    "isTemplate": false,
    "count": 0,
    "lang": "en",
    "updated": 0
  },
  {
    "id": "acfefa58-a398-4a3c-9609-1d7e054732a1",
    "data": [
      {
        "text": "Can I see your menu?",
        "userDefined": false
      }
    ],
    "isTemplate": false,
    "count": 0,
    "lang": "en",
    "updated": 0
  },
  {
    "id": "5f0f89a6-8521-4662-8ae2-743990d8c109",
    "data": [
      {
        "text": "What\u0027s on the menu?",
        "userDefined": false
      }
    ],
    "isTemplate": false,
    "count": 0,
    "lang": "en",
    "updated": 0
  }
]