[
  {
    "id": "59dd57b9-9857-40f8-93b9-db4b0a1e0e62",
    "data": [
      {
        "text": "Is contactless payment available?",
        "userDefined": false
      }
    ],
    "isTemplate": false,
    "count": 0,
    "lang": "en",
    "updated": 0
  },
  {
    "id": "2d85f9c3-a598-4992-b147-b87ff55141cf",
    "data": [
      {
        "text": "Do you take cash?",
        "userDefined": false
      }
    ],
    "isTemplate": false,
    "count": 0,
    "lang": "en",
    "updated": 0
  },
  {
    "id": "439a2f42-24d9-47f5-a718-f67d02b0aff1",
    "data": [
      {
        "text": "Can I pay with credit cards?",
        "userDefined": false
      }
    ],
    "isTemplate": false,
    "count": 0,
    "lang": "en",
    "updated": 0
  },
  {
    "id": "d0f5ae33-b4f3-4a64-ae17-ad6744b1b434",
    "data": [
      {
        "text": "What payment methods do you accept?",
        "userDefined": false
      }
    ],
    "isTemplate": false,
    "count": 0,
    "lang": "en",
    "updated": 0
  }
]