[
  {
    "id": "633246bb-2967-4a58-b272-80065f0e348a",
    "data": [
      {
        "text": "How can I reach customer support?",
        "userDefined": false
      }
    ],
    "isTemplate": false,
    "count": 0,
    "lang": "en",
    "updated": 0
  },
  {
    "id": "c3cc0c34-6df5-4a5d-a349-5806fa846dd6",
    "data": [
      {
        "text": "Do you have an email address?",
        "userDefined": false
      }
    ],
    "isTemplate": false,
    "count": 0,
    "lang": "en",
    "updated": 0
  },
  {
    "id": "8798650d-3ffc-4359-8952-ee0fc781c2c5",
    "data": [
      {
        "text": "What\u0027s your phone number?",
        "userDefined": false
      }
    ],
    "isTemplate": false,
    "count": 0,
    "lang": "en",
    "updated": 0
  },
  {
    "id": "b51f4811-f4cd-4119-a777-cb06e0e5025c",
    "data": [
      {
        "text": "How can I contact you?",
        "userDefined": false
      }
    ],
    "isTemplate": false,
    "count": 0,
    "lang": "en",
    "updated": 0
  }
]