[
  {
    "id": "40432167-c6e9-4729-aca5-198f7e242f9b",
    "data": [
      {
        "text": "Yes I want to place an order",
        "userDefined": false
      }
    ],
    "isTemplate": false,
    "count": 0,
    "lang": "en",
    "updated": 0
  },
  {
    "id": "c3a36f39-10db-4d2c-a72d-2cd667600ac9",
    "data": [
      {
        "text": "Yes , new order",
        "userDefined": false
      }
    ],
    "isTemplate": false,
    "count": 0,
    "lang": "en",
    "updated": 0
  },
  {
    "id": "002dbdd8-dc47-4d2e-b9d9-c1b3ac31f98d",
    "data": [
      {
        "text": "Yes , Order",
        "userDefined": false
      }
    ],
    "isTemplate": false,
    "count": 0,
    "lang": "en",
    "updated": 0
  },
  {
    "id": "743cc968-a2b9-4c0a-a2b0-d7f2548990cb",
    "data": [
      {
        "text": "Place new order",
        "userDefined": false
      }
    ],
    "isTemplate": false,
    "count": 0,
    "lang": "en",
    "updated": 0
  },
  {
    "id": "1e96f2cf-8523-4799-8554-be239e58f6cb",
    "data": [
      {
        "text": "NEW",
        "userDefined": false
      }
    ],
    "isTemplate": false,
    "count": 1,
    "lang": "en",
    "updated": 0
  },
  {
    "id": "5df66a2a-5f15-48bc-ab45-35d1ac680579",
    "data": [
      {
        "text": "New order",
        "userDefined": false
      }
    ],
    "isTemplate": false,
    "count": 0,
    "lang": "en",
    "updated": 0
  }
]