[
  {
    "id": "88bae7fc-c476-4cfe-b789-91a28ed4339b",
    "data": [
      {
        "text": "Cancel order",
        "userDefined": false
      }
    ],
    "isTemplate": false,
    "count": 0,
    "lang": "en",
    "updated": 0
  },
  {
    "id": "753cd335-d2a4-42ae-828a-6bf177929c3f",
    "data": [
      {
        "text": "Order cancel",
        "userDefined": false
      }
    ],
    "isTemplate": false,
    "count": 0,
    "lang": "en",
    "updated": 0
  },
  {
    "id": "0b6206b9-f5ee-409f-8286-18972d0f5268",
    "data": [
      {
        "text": "Remove all items from my cart.",
        "userDefined": false
      }
    ],
    "isTemplate": false,
    "count": 0,
    "lang": "en",
    "updated": 0
  },
  {
    "id": "28881a34-2b08-4fa2-b066-3d594279253c",
    "data": [
      {
        "text": "Delete my entire order.",
        "userDefined": false
      }
    ],
    "isTemplate": false,
    "count": 0,
    "lang": "en",
    "updated": 0
  },
  {
    "id": "a43bc2d0-6fb5-49c8-a79f-9d52ee54863d",
    "data": [
      {
        "text": "I want to cancel everything.",
        "userDefined": false
      }
    ],
    "isTemplate": false,
    "count": 0,
    "lang": "en",
    "updated": 0
  },
  {
    "id": "5b3e3e8a-c41f-42d4-81ad-0178f5e95f68",
    "data": [
      {
        "text": "Cancel my order",
        "userDefined": false
      }
    ],
    "isTemplate": false,
    "count": 0,
    "lang": "en",
    "updated": 0
  }
]