[
  {
    "id": "8ef7a050-ff42-4e34-a61a-b5d78427a59d",
    "data": [
      {
        "text": "no",
        "userDefined": false
      }
    ],
    "isTemplate": false,
    "count": 0,
    "lang": "en",
    "updated": 0
  },
  {
    "id": "fc485957-31b7-4bb5-a099-d214172e1b65",
    "data": [
      {
        "text": "That\u0027s it",
        "userDefined": false
      }
    ],
    "isTemplate": false,
    "count": 0,
    "lang": "en",
    "updated": 0
  },
  {
    "id": "92b68852-7e6b-41fa-a29a-fdca263ec483",
    "data": [
      {
        "text": "Done",
        "userDefined": false
      }
    ],
    "isTemplate": false,
    "count": 0,
    "lang": "en",
    "updated": 0
  },
  {
    "id": "a604afcb-34c1-4b6c-bc6f-d452fe127398",
    "data": [
      {
        "text": "Placed an order",
        "userDefined": false
      }
    ],
    "isTemplate": false,
    "count": 0,
    "lang": "en",
    "updated": 0
  },
  {
    "id": "cb2b2130-2131-4705-b388-6a632795e7b0",
    "data": [
      {
        "text": "Done ordering it",
        "userDefined": false
      }
    ],
    "isTemplate": false,
    "count": 0,
    "lang": "en",
    "updated": 0
  },
  {
    "id": "24e4423c-e4f5-4286-b477-1b77eec3d832",
    "data": [
      {
        "text": "That\u0027s all I needed",
        "userDefined": false
      }
    ],
    "isTemplate": false,
    "count": 0,
    "lang": "en",
    "updated": 0
  },
  {
    "id": "3a099e91-76b0-4951-adbb-ce37b38c0fda",
    "data": [
      {
        "text": "Nope",
        "userDefined": false
      }
    ],
    "isTemplate": false,
    "count": 0,
    "lang": "en",
    "updated": 0
  }
]