[
  {
    "id": "adb85733-d13f-49a4-a807-e8c774daf2a7",
    "data": [
      {
        "text": "I don\u0027t need ",
        "userDefined": false
      },
      {
        "text": "three",
        "meta": "@sys.number",
        "alias": "number",
        "userDefined": false
      },
      {
        "text": " ",
        "userDefined": false
      },
      {
        "text": "Shawarmas",
        "meta": "@food-item",
        "alias": "food-item",
        "userDefined": false
      },
      {
        "text": " anymore, remove them.",
        "userDefined": false
      }
    ],
    "isTemplate": false,
    "count": 0,
    "lang": "en",
    "updated": 0
  },
  {
    "id": "194dffe0-1770-402e-a3be-e87741242593",
    "data": [
      {
        "text": "Can you cancel ",
        "userDefined": false
      },
      {
        "text": "one",
        "meta": "@sys.number",
        "alias": "number",
        "userDefined": true
      },
      {
        "text": " ",
        "userDefined": false
      },
      {
        "text": "Kashmiri Chai",
        "meta": "@food-item",
        "alias": "food-item",
        "userDefined": false
      },
      {
        "text": " from my order?",
        "userDefined": false
      }
    ],
    "isTemplate": false,
    "count": 0,
    "lang": "en",
    "updated": 0
  },
  {
    "id": "08281dae-c4c2-4f26-b9a8-5901ae91ad35",
    "data": [
      {
        "text": "I mistakenly added ",
        "userDefined": false
      },
      {
        "text": "Gol Gappay",
        "meta": "@food-item",
        "alias": "food-item",
        "userDefined": false
      },
      {
        "text": ", please remove them.",
        "userDefined": false
      }
    ],
    "isTemplate": false,
    "count": 0,
    "lang": "en",
    "updated": 0
  },
  {
    "id": "f3c5b0d7-e5f6-434b-ae4e-3500227a32ed",
    "data": [
      {
        "text": "Take off ",
        "userDefined": false
      },
      {
        "text": "two",
        "meta": "@sys.number",
        "alias": "number",
        "userDefined": false
      },
      {
        "text": " ",
        "userDefined": false
      },
      {
        "text": "Samosas",
        "meta": "@food-item",
        "alias": "food-item",
        "userDefined": false
      },
      {
        "text": ", I ordered too many.",
        "userDefined": false
      }
    ],
    "isTemplate": false,
    "count": 0,
    "lang": "en",
    "updated": 0
  },
  {
    "id": "a2d132ef-3118-4df3-a670-205536bb54e4",
    "data": [
      {
        "text": "Remove ",
        "userDefined": false
      },
      {
        "text": "one",
        "meta": "@sys.number",
        "alias": "number",
        "userDefined": true
      },
      {
        "text": " ",
        "userDefined": false
      },
      {
        "text": "Pizza",
        "meta": "@food-item",
        "alias": "food-item",
        "userDefined": false
      },
      {
        "text": " from my order.",
        "userDefined": false
      }
    ],
    "isTemplate": false,
    "count": 0,
    "lang": "en",
    "updated": 0
  },
  {
    "id": "54eda963-e868-43eb-88f6-c8ed0f141c02",
    "data": [
      {
        "text": "Delete ",
        "userDefined": false
      },
      {
        "text": "Strawberry Smoothie",
        "meta": "@food-item",
        "alias": "food-item",
        "userDefined": false
      },
      {
        "text": " from my order.",
        "userDefined": false
      }
    ],
    "isTemplate": false,
    "count": 0,
    "lang": "en",
    "updated": 0
  },
  {
    "id": "588ffbb4-a138-4d14-b2ee-0c9e00ff4e57",
    "data": [
      {
        "text": "Please take out ",
        "userDefined": false
      },
      {
        "text": "Sugarcane Juice",
        "meta": "@food-item",
        "alias": "food-item",
        "userDefined": false
      },
      {
        "text": " from my cart.",
        "userDefined": false
      }
    ],
    "isTemplate": false,
    "count": 0,
    "lang": "en",
    "updated": 0
  },
  {
    "id": "ffe648bb-9175-4d5a-8483-345dfc4e71f4",
    "data": [
      {
        "text": "Cancel the ",
        "userDefined": false
      },
      {
        "text": "Lemonade",
        "meta": "@food-item",
        "alias": "food-item",
        "userDefined": false
      },
      {
        "text": ", I don\u0027t need it anymore.",
        "userDefined": false
      }
    ],
    "isTemplate": false,
    "count": 0,
    "lang": "en",
    "updated": 0
  },
  {
    "id": "98baef29-859c-4752-8732-431aa8ca9114",
    "data": [
      {
        "text": "I no longer want ",
        "userDefined": false
      },
      {
        "text": "Banana Shake",
        "meta": "@food-item",
        "alias": "food-item",
        "userDefined": false
      },
      {
        "text": ", please remove it.",
        "userDefined": false
      }
    ],
    "isTemplate": false,
    "count": 0,
    "lang": "en",
    "updated": 0
  },
  {
    "id": "c73f7310-89c5-4faf-8575-a571fe7dd890",
    "data": [
      {
        "text": "Remove ",
        "userDefined": false
      },
      {
        "text": "Mango Shake",
        "meta": "@food-item",
        "alias": "food-item",
        "userDefined": false
      },
      {
        "text": ", I don\u0027t need it.",
        "userDefined": false
      }
    ],
    "isTemplate": false,
    "count": 0,
    "lang": "en",
    "updated": 0
  },
  {
    "id": "ef9908d5-18f7-4925-a4d1-cb4092e6aa7a",
    "data": [
      {
        "text": "Take off ",
        "userDefined": false
      },
      {
        "text": "Green Tea",
        "meta": "@food-item",
        "alias": "food-item",
        "userDefined": false
      },
      {
        "text": " from my order.",
        "userDefined": false
      }
    ],
    "isTemplate": false,
    "count": 0,
    "lang": "en",
    "updated": 0
  },
  {
    "id": "8abd254b-a925-40f2-82db-6dbfa7b349ab",
    "data": [
      {
        "text": "I changed my mind, cancel ",
        "userDefined": false
      },
      {
        "text": "Peshawari Kahwa",
        "meta": "@food-item",
        "alias": "food-item",
        "userDefined": false
      },
      {
        "text": ".",
        "userDefined": false
      }
    ],
    "isTemplate": false,
    "count": 0,
    "lang": "en",
    "updated": 0
  },
  {
    "id": "f475f50f-7f10-4b45-b597-db952fd77c98",
    "data": [
      {
        "text": "Can you remove ",
        "userDefined": false
      },
      {
        "text": "Adrak Chai",
        "meta": "@food-item",
        "alias": "food-item",
        "userDefined": false
      },
      {
        "text": " from my order?",
        "userDefined": false
      }
    ],
    "isTemplate": false,
    "count": 0,
    "lang": "en",
    "updated": 0
  },
  {
    "id": "2f5bc4a1-9592-4565-8048-327f61121f7b",
    "data": [
      {
        "text": "Delete ",
        "userDefined": false
      },
      {
        "text": "Kashmiri Chai",
        "meta": "@food-item",
        "alias": "food-item",
        "userDefined": false
      },
      {
        "text": " from my list.",
        "userDefined": false
      }
    ],
    "isTemplate": false,
    "count": 0,
    "lang": "en",
    "updated": 0
  },
  {
    "id": "2131d9c6-2790-4e55-a8fe-06d88567317f",
    "data": [
      {
        "text": "Remove ",
        "userDefined": false
      },
      {
        "text": "Doodh Patti Chai",
        "meta": "@food-item",
        "alias": "food-item",
        "userDefined": false
      },
      {
        "text": " from my order.",
        "userDefined": false
      }
    ],
    "isTemplate": false,
    "count": 0,
    "lang": "en",
    "updated": 0
  },
  {
    "id": "412208f5-0463-4d0c-aa65-ba01be0406ec",
    "data": [
      {
        "text": "I don\u0027t want ",
        "userDefined": false
      },
      {
        "text": "Shawarma",
        "meta": "@food-item",
        "alias": "food-item",
        "userDefined": false
      },
      {
        "text": " anymore.",
        "userDefined": false
      }
    ],
    "isTemplate": false,
    "count": 0,
    "lang": "en",
    "updated": 0
  },
  {
    "id": "44cd4588-36d4-4841-a6ff-6dd71af95f2f",
    "data": [
      {
        "text": "Take out ",
        "userDefined": false
      },
      {
        "text": "Gol Gappay",
        "meta": "@food-item",
        "alias": "food-item",
        "userDefined": false
      },
      {
        "text": " from my cart.",
        "userDefined": false
      }
    ],
    "isTemplate": false,
    "count": 0,
    "lang": "en",
    "updated": 0
  },
  {
    "id": "e9cfa44a-b72e-4571-b45a-a4750ad326c5",
    "data": [
      {
        "text": "Cancel ",
        "userDefined": false
      },
      {
        "text": "Samosa",
        "meta": "@food-item",
        "alias": "food-item",
        "userDefined": true
      },
      {
        "text": " from my order.",
        "userDefined": false
      }
    ],
    "isTemplate": false,
    "count": 0,
    "lang": "en",
    "updated": 0
  },
  {
    "id": "41a6ec51-944b-454e-a011-4542816e3a28",
    "data": [
      {
        "text": "Remove the ",
        "userDefined": false
      },
      {
        "text": "Pizza",
        "meta": "@food-item",
        "alias": "food-item",
        "userDefined": true
      },
      {
        "text": " from my order.",
        "userDefined": false
      }
    ],
    "isTemplate": false,
    "count": 0,
    "lang": "en",
    "updated": 0
  },
  {
    "id": "ba8870d3-00f4-4040-b35b-a3d58a6c95a5",
    "data": [
      {
        "text": "Take out ",
        "userDefined": false
      },
      {
        "text": "Shawarma",
        "meta": "@food-item",
        "alias": "food-item",
        "userDefined": true
      },
      {
        "text": " from my order.",
        "userDefined": false
      }
    ],
    "isTemplate": false,
    "count": 0,
    "lang": "en",
    "updated": 0
  },
  {
    "id": "52aa470f-7735-4c28-a525-19bdca2f9fcd",
    "data": [
      {
        "text": "Cancel the ",
        "userDefined": false
      },
      {
        "text": "Lemonade",
        "meta": "@food-item",
        "alias": "food-item",
        "userDefined": true
      },
      {
        "text": ".",
        "userDefined": false
      }
    ],
    "isTemplate": false,
    "count": 0,
    "lang": "en",
    "updated": 0
  },
  {
    "id": "996a9026-fd38-4f92-8acc-a8207241f0f8",
    "data": [
      {
        "text": "Remove ",
        "userDefined": false
      },
      {
        "text": "Pizza",
        "meta": "@food-item",
        "alias": "food-item",
        "userDefined": false
      },
      {
        "text": " from my order.",
        "userDefined": false
      }
    ],
    "isTemplate": false,
    "count": 0,
    "lang": "en",
    "updated": 0
  },
  {
    "id": "24427391-972b-4578-9245-a98965d777b1",
    "data": [
      {
        "text": "remove ",
        "userDefined": false
      },
      {
        "text": "samosa",
        "meta": "@food-item",
        "alias": "food-item",
        "userDefined": false
      }
    ],
    "isTemplate": false,
    "count": 0,
    "lang": "en",
    "updated": 0
  },
  {
    "id": "2317d9b2-c831-4a84-a58d-cec948dac0c4",
    "data": [
      {
        "text": "remove ",
        "userDefined": false
      },
      {
        "text": "pizza",
        "meta": "@food-item",
        "alias": "food-item",
        "userDefined": true
      },
      {
        "text": " from my order",
        "userDefined": false
      }
    ],
    "isTemplate": false,
    "count": 0,
    "lang": "en",
    "updated": 0
  },
  {
    "id": "624b1750-2074-4cee-a55b-26d9e5b69084",
    "data": [
      {
        "text": "Please take the ",
        "userDefined": false
      },
      {
        "text": "pizza",
        "meta": "@food-item",
        "alias": "food-item",
        "userDefined": true
      },
      {
        "text": " off my order",
        "userDefined": false
      }
    ],
    "isTemplate": false,
    "count": 0,
    "lang": "en",
    "updated": 0
  },
  {
    "id": "d432dc11-c9b5-47f8-a96c-1bc1c037595e",
    "data": [
      {
        "text": "I would like to remove the ",
        "userDefined": false
      },
      {
        "text": "pizza",
        "meta": "@food-item",
        "alias": "food-item",
        "userDefined": true
      },
      {
        "text": " from my order",
        "userDefined": false
      }
    ],
    "isTemplate": false,
    "count": 0,
    "lang": "en",
    "updated": 0
  }
]