[
  {
    "id": "1c3ef380-18f7-49a5-88fa-2f8f48a4e47a",
    "data": [
      {
        "text": "60",
        "meta": "@sys.number",
        "alias": "number",
        "userDefined": true
      }
    ],
    "isTemplate": false,
    "count": 0,
    "lang": "en",
    "updated": 0
  },
  {
    "id": "dc5c5bfb-d220-4e84-9559-2859d9ead486",
    "data": [
      {
        "text": "54",
        "meta": "@sys.number",
        "alias": "number",
        "userDefined": true
      }
    ],
    "isTemplate": false,
    "count": 0,
    "lang": "en",
    "updated": 0
  },
  {
    "id": "8623f6f5-10a6-4bb6-98f6-6cbfc3199adb",
    "data": [
      {
        "text": "45",
        "meta": "@sys.number",
        "alias": "number",
        "userDefined": true
      }
    ],
    "isTemplate": false,
    "count": 0,
    "lang": "en",
    "updated": 0
  },
  {
    "id": "6bdf2694-7643-4109-8c83-903e226ad4df",
    "data": [
      {
        "text": "13",
        "userDefined": false
      }
    ],
    "isTemplate": false,
    "count": 0,
    "lang": "en",
    "updated": 0
  },
  {
    "id": "6840ed51-4038-4a32-bd52-13b4550dd612",
    "data": [
      {
        "text": "23",
        "meta": "@sys.number",
        "alias": "number",
        "userDefined": true
      }
    ],
    "isTemplate": false,
    "count": 0,
    "lang": "en",
    "updated": 0
  },
  {
    "id": "0eb19802-0d7b-4d05-89cb-18dd3c666705",
    "data": [
      {
        "text": "Drop order ",
        "userDefined": false
      },
      {
        "text": "9999",
        "meta": "@sys.number",
        "alias": "number",
        "userDefined": true
      }
    ],
    "isTemplate": false,
    "count": 0,
    "lang": "en",
    "updated": 0
  },
  {
    "id": "d98f6ead-f16c-4119-865b-408e6fb69594",
    "data": [
      {
        "text": "Cancel my recent order — it\u0027s ",
        "userDefined": false
      },
      {
        "text": "330",
        "meta": "@sys.number",
        "alias": "number",
        "userDefined": true
      }
    ],
    "isTemplate": false,
    "count": 0,
    "lang": "en",
    "updated": 0
  },
  {
    "id": "a4fac70f-bce6-40b5-b1aa-7e5bb72e914d",
    "data": [
      {
        "text": "Delete order ID ",
        "userDefined": false
      },
      {
        "text": "1001",
        "meta": "@sys.number",
        "alias": "number",
        "userDefined": true
      }
    ],
    "isTemplate": false,
    "count": 0,
    "lang": "en",
    "updated": 0
  },
  {
    "id": "cb362c2f-2a92-4da0-98c4-65cd64be976a",
    "data": [
      {
        "text": "Stop order ",
        "userDefined": false
      },
      {
        "text": "652",
        "meta": "@sys.number",
        "alias": "number",
        "userDefined": true
      }
    ],
    "isTemplate": false,
    "count": 0,
    "lang": "en",
    "updated": 0
  },
  {
    "id": "3bf0f5a6-acf7-4878-92d0-3641795bb0c0",
    "data": [
      {
        "text": "I\u0027d like to cancel order 2211",
        "userDefined": false
      }
    ],
    "isTemplate": false,
    "count": 0,
    "lang": "en",
    "updated": 0
  },
  {
    "id": "45ef0a1a-c669-4fcb-94be-77fac9a2d929",
    "data": [
      {
        "text": "Please cancel my order with ID ",
        "userDefined": false
      },
      {
        "text": "9876",
        "userDefined": false
      }
    ],
    "isTemplate": false,
    "count": 0,
    "lang": "en",
    "updated": 0
  },
  {
    "id": "b9826ae4-eb39-4e04-bcb6-af7c9ee749bf",
    "data": [
      {
        "text": "Cancel order number ",
        "userDefined": false
      },
      {
        "text": "345",
        "userDefined": false
      }
    ],
    "isTemplate": false,
    "count": 0,
    "lang": "en",
    "updated": 0
  },
  {
    "id": "8664037f-3595-4e08-820a-844547c7ca6f",
    "data": [
      {
        "text": "Can you cancel my order ID ",
        "userDefined": false
      },
      {
        "text": "789",
        "userDefined": false
      },
      {
        "text": "?",
        "userDefined": false
      }
    ],
    "isTemplate": false,
    "count": 0,
    "lang": "en",
    "updated": 0
  },
  {
    "id": "29a3f6a7-da7f-4e0c-a6d2-3f8bdd4a94a4",
    "data": [
      {
        "text": "I want to cancel order ",
        "userDefined": false
      },
      {
        "text": "456",
        "userDefined": false
      }
    ],
    "isTemplate": false,
    "count": 0,
    "lang": "en",
    "updated": 0
  },
  {
    "id": "c2092b23-bb7d-4879-a244-391e57a87c5f",
    "data": [
      {
        "text": "Cancel my order #",
        "userDefined": false
      },
      {
        "text": "1234",
        "userDefined": false
      }
    ],
    "isTemplate": false,
    "count": 0,
    "lang": "en",
    "updated": 0
  }
]